filename,cross-metadata
arg-1906-09-14.pdf,
arg-1920-04-06a.pdf,
arg-1920-04-13a.pdf,
arg-1921-06-27.pdf,
arg-1923-08-16.pdf,
arg-1923-08-21.pdf,
arg-1923-08-25.pdf,
arg-1923-08-28.pdf,
arg-1925-10-04.pdf,
arg-1926-11-28.pdf,
arg-1927-12-09.pdf,
arg-1955-05-16.pdf,
arg-1955-10-29.pdf,
arg-1956-01-24.pdf,
arg-1968-04-02.pdf,
arg-1970-05-22.pdf,
arg-1971-04-18.pdf,
arg-1977-11-08.pdf,
arg-2000-02-02.pdf,
arg-2004-10-25.pdf,
arg-2011-07-20 (2).pdf,
arg-2011-08-23b.pdf,
arg-2013-01-29.pdf,
arg-2013-07-24 (2).pdf,
arg-2013-08-23-2.pdf,
arg-2013-jazzfest.pdf,
arg-2014-01-16.pdf,
arg-2014-journalismworkshop.pdf,
arg-2015-07-08_original.pdf,
arg-2015-07-22_original.pdf,
arg-2015-08-21_original.pdf,
arg-2015-fall.pdf,
arg-2015-fallsports.pdf,
arg-2015-spring.pdf,
arg-2016-07-22.pdf,
arg-2016-09-12.pdf,
arg-2016-spring.pdf,
arg-2018-housing_original.pdf,
arg-2019-10-05.pdf,
